{
    "Doors": [
        {
            "Position": [
                0.05000000074505806,
                0.0,
                0.0
            ],
            "Rotation": [
                0.0,
                0.0,
                0.0
            ]
        },
        {
            "Position": [
                2.200000047683716,
                0.0,
                -2.950000047683716
            ],
            "Rotation": [
                0.0,
                1.5707963705062866,
                0.0
            ]
        }
    ],
    "Lights": [
        {
            "Color": [
                1.0,
                0.7799999713897705,
                0.5289999842643738
            ],
            "Position": [
                2.200000047683716,
                2.174999952316284,
                0.0
            ],
            "Radius": 8.5,
            "Strength": 1.25,
            "Type": "HANGING_LIGHT"
        }
    ],
    "Pianos": [
        {
            "Position": [
                4.349999904632568,
                0.0,
                1.0
            ],
            "Rotation": [
                0.0,
                -1.5707963705062866,
                0.0
            ]
        },
        {
            "Position": [
                3.0,
                0.0,
                -2.140000104904175
            ],
            "Rotation": [
                0.0,
                -0.75,
                0.0
            ]
        }
    ],
    "Planes": [
        {
            "Material": "FloorBoards",
            "P0": [
                0.0,
                0.0,
                -3.0
            ],
            "P1": [
                0.0,
                0.0,
                6.099999904632568
            ],
            "P2": [
                4.400000095367432,
                0.0,
                6.099999904632568
            ],
            "P3": [
                4.400000095367432,
                0.0,
                -3.0
            ],
            "TextureOffsetU": 0.0,
            "TextureOffsetV": 0.0,
            "TextureRotation": 0.0,
            "TextureScale": 0.4000000059604645
        },
        {
            "Material": "Ceiling2",
            "P0": [
                4.400000095367432,
                2.4000000953674316,
                -2.9000000953674316
            ],
            "P1": [
                4.400000095367432,
                2.4000000953674316,
                6.099999904632568
            ],
            "P2": [
                0.0,
                2.4000000953674316,
                6.099999904632568
            ],
            "P3": [
                0.0,
                2.4000000953674316,
                -2.9000000953674316
            ],
            "TextureOffsetU": 0.0,
            "TextureOffsetV": 0.0,
            "TextureRotation": 0.0,
            "TextureScale": 1.0
        }
    ],
    "Walls": [
        {
            "Height": 2.4000000953674316,
            "Material": "Ceiling2",
            "Points": [
                [
                    0.0,
                    0.0,
                    -3.0
                ],
                [
                    0.0,
                    0.0,
                    6.099999904632568
                ],
                [
                    4.5,
                    0.0,
                    6.099999904632568
                ],
                [
                    4.5,
                    0.0,
                    -3.0
                ],
                [
                    0.0,
                    0.0,
                    -3.0
                ]
            ],
            "TextureOffsetU": 0.0,
            "TextureOffsetV": -1.0,
            "TextureRotation": 0.0,
            "TextureScale": 1.0,
            "TrimTypeCeiling": "NONE",
            "TrimTypeFloor": "NONE",
            "UseReversePointOrder": false
        },
        {
            "Height": 2.4000000953674316,
            "Material": "WallPaper",
            "Points": [
                [
                    0.10000000149011612,
                    0.0,
                    -2.9000000953674316
                ],
                [
                    4.400000095367432,
                    0.0,
                    -2.9000000953674316
                ],
                [
                    4.400000095367432,
                    0.0,
                    2.9000000953674316
                ],
                [
                    0.10000000149011612,
                    0.0,
                    2.9000000953674316
                ],
                [
                    0.10000000149011612,
                    0.0,
                    -2.9000000953674316
                ]
            ],
            "TextureOffsetU": 0.0,
            "TextureOffsetV": -1.399999976158142,
            "TextureRotation": 0.0,
            "TextureScale": 0.4166666567325592,
            "TrimTypeCeiling": "TIMBER",
            "TrimTypeFloor": "TIMBER",
            "UseReversePointOrder": false
        },
        {
            "Height": 2.4000000953674316,
            "Material": "WallPaper",
            "Points": [
                [
                    0.10000000149011612,
                    0.0,
                    3.0
                ],
                [
                    4.400000095367432,
                    0.0,
                    3.0
                ],
                [
                    4.400000095367432,
                    0.0,
                    6.0
                ],
                [
                    0.10000000149011612,
                    0.0,
                    6.0
                ],
                [
                    0.10000000149011612,
                    0.0,
                    3.0
                ]
            ],
            "TextureOffsetU": 0.0,
            "TextureOffsetV": -1.399999976158142,
            "TextureRotation": 0.0,
            "TextureScale": 0.4166666567325592,
            "TrimTypeCeiling": "TIMBER",
            "TrimTypeFloor": "TIMBER",
            "UseReversePointOrder": false
        }
    ],
    "Windows": [
        {
            "Position": [
                0.05000000074505806,
                0.0,
                -1.5
            ],
            "Rotation": [
                0.0,
                0.0,
                0.0
            ]
        },
        {
            "Position": [
                0.05000000074505806,
                0.0,
                1.5
            ],
            "Rotation": [
                0.0,
                0.0,
                0.0
            ]
        },
        {
            "Position": [
                2.200000047683716,
                0.0,
                2.950000047683716
            ],
            "Rotation": [
                0.0,
                1.5707963705062866,
                0.0
            ]
        }
    ]
}