{
  "GameObjects": [
    {
      "meshRenderingInfo": [
        {
          "blendingMode": "NONE",
          "materialName": "LampPost",
          "meshName": "Bench"
        }
      ],
      "modelName": "Bench2",
      "position": [
        17.239999771118164,
        0.0,
        16.530000686645508
      ],
      "rotation": [
        0.0,
        -0.4000000059604645,
        0.0
      ],
      "scale": [
        1.0,
        1.0,
        1.0
      ]
    }
  ],
  "HeightMapName": "TestHeightMap",
  "Lights": [

  ],
  "PickUps": [
    {
      "position": [
        16.735923767089844,
        0.4384022355079651,
        16.40193748474121
      ],
      "rotation": [
        0.0,
        0.10000000149011612,
        0.0
      ],
      "type": "SHOTGUN_AMMO_BUCKSHOT"
    },
    {
      "position": [
        16.958555221557617,
        0.4344717860221863,
        16.43105697631836
      ],
      "rotation": [
        0.0,
        -0.10000000149011612,
        0.0
      ],
      "type": "SHOTGUN_AMMO_SLUG"
    },
    {
      "position": [
        17.958555221557617,
        0.4344717860221863,
        18.43105697631836
      ],
      "rotation": [
        0.0,
        -0.10000000149011612,
        0.0
      ],
      "type": "AKS74U"
    }
  ],
  "Trees": [
    {
      "position": [
        40.0528564453125,
        0.11970168352127075,
        12.307205200195313
      ],
      "rotation": [
        0.0,
        0.0,
        0.0
      ],
      "scale": [
        1.0,
        1.0,
        1.0
      ],
      "type": 0
    },
    {
      "position": [
        35.5328369140625,
        0.1404905915260315,
        11.140487670898438
      ],
      "rotation": [
        0.0,
        0.0,
        0.0
      ],
      "scale": [
        1.0,
        1.0,
        1.0
      ],
      "type": 1
    }
  ]
}