{
  "GameObjects": [
  ],
  "HeightMapName": "TestHeightMap",
  "Lights": [

  ],
  "PickUps": [
    {
      "position": [
        16.735923767089844,
        0.4384022355079651,
        16.40193748474121
      ],
      "rotation": [
        0.0,
        0.10000000149011612,
        0.0
      ],
      "type": "SHOTGUN_AMMO_BUCKSHOT"
    },
    {
      "position": [
        16.958555221557617,
        0.4344717860221863,
        16.43105697631836
      ],
      "rotation": [
        0.0,
        -0.10000000149011612,
        0.0
      ],
      "type": "SHOTGUN_AMMO_SLUG"
    },
    {
      "position": [
        17.958555221557617,
        0.4344717860221863,
        18.43105697631836
      ],
      "rotation": [
        0.0,
        -0.10000000149011612,
        0.0
      ],
      "type": "AKS74U"
    }
  ],
  "Trees": [
    {
      "position": [
        43.8,
        30.0,
        28
      ],
      "rotation": [
        0.0,
        0.0,
        0.0
      ],
      "scale": [
        1.0,
        1.0,
        1.0
      ],
      "type": 0
    },
    {
      "position": [
        44.5328369140625,
        30.0,
        31.240487670898438
      ],
      "rotation": [
        0.0,
        0.0,
        0.0
      ],
      "scale": [
        1.0,
        1.0,
        1.0
      ],
      "type": 1
    }
  ]
}